Metric,Count,Notes
Total findings,756,All rows from Oct 2026 audit export
Done (marked Done in audit sheet),437,Rows with Status = Done in the client workbook only
Pending – RMA / client sign-off,0,Verification column = Needs RMA review; requires Navpreet approval
Pending – live verification,319,Implemented or in progress in repo; awaiting Fixed on live site (column P)
,,
How to verify (client),,
Live site,,Open Page URL for sample rows; confirm replacement text reads correctly
Technical (optional),,Clone migration repo; run: node scripts/audit-verify.mjs
,,
Information needed from client (summary),,
1. RMA sign-off,,Review 34 rows with Developer status = Pending – RMA. Approve replacement text or instruct changes.
2. Penalty / fee figures,,Several RMA rows: confirm whether to use legislation (AUD364 penalty unit) or Home Affairs web figures.
3. ANZSCO lists (courses-pr-prospects),,4 RMA rows: confirm occupation codes against current Home Affairs CSOL PDF.
4. Mark sheet,,"After approval, set Status = Done for each row and return updated sheet if further dev pass needed."