RMA review - 34 rows checked against LEGEND (stack 02-10-2026) on 6 October 2026,,,,,,,,,,
"For Navpreet Aulakh (MARN 2619467). Each row was checked against the Migration Act 1958, Migration Regulations 1994 and PAM3 in LEGEND (other government sources only where LEGEND does not cover the point, e.g. Medicare, penalty unit value, processing times). Choose Approve, Amend or Reject in column K. The developer publishes only rows marked Approve.",,,,,,,,,,
,,,,,,,,,,
Ref,Audit ID,Page slug,Live check 6 Oct,Current text on site,LEGEND verdict,Final text to publish,Legal basis,Note for Navpreet,Source,Navpreet decision
29,G2-046,191-visa,Check wording,You must not have been convicted of a criminal offence in Australia during the qualifying period.,Approve with amendment,"You and your family members (including family members not coming with you) must meet the character requirement. A criminal conviction, in Australia or overseas, does not automatically mean your application will be refused, but it must be declared and will be considered - get advice before lodging.","Migration Regulations 1994 Sch 2 cl 191.211(1) (primary applicant satisfies PIC 4001, 4002, 4003 etc.), cl 191.211(3)-(6) (family unit applicants) and cl 191.211(9) (non-applicant family unit members satisfy PIC 4001); Regional Provisional stream criteria cl 191.221-191.222 contain no stand-alone 'no convictions' criterion - LEGEND stack 02-10-2026.","The 191 has no 'no Australian convictions in the qualifying period' criterion; character is assessed through PIC 4001 for the applicant and all family unit members, including non-migrating ones (cl 191.211(9)). Wording avoids implying a conviction is either an automatic bar or irrelevant.",https://legend.online.immi.gov.au/migration/2025-2028/2026/02-10-2026/regs/Pages/_document00000/_level%20100008/level%20200149.aspx,
116,G2-010,employer-nomination-scheme,Not fixed,3-6 months typical,Approve as proposed,Check the Home Affairs processing time guide,"Not covered by LEGEND (processing times are administrative, not law). Home Affairs Subclass 186 page, Processing Time section for each stream: 'For an indication of processing times for this visa, use the visa processing time guide tool'.","Home Affairs only publishes 186 processing times through its guide tool (Transition, Direct Entry and Agreement pathways listed separately), and times change monthly, so a fixed '3-6 months' figure should not be published. The tool needs a form submission, which was not done, so the current figure was not read.",https://immi.homeaffairs.gov.au/visas/getting-a-visa/visa-listing/employer-nomination-scheme-186 ; https://immi.homeaffairs.gov.au/visas/getting-a-visa/visa-processing-times/global-visa-processing-times,
120,G1-006,employer-sponsored-visas,Not fixed,"Non-compliance penalties include fines up to $93,900 per breach.",Approve with amendment,"Breaching a sponsorship obligation can lead to a court-ordered civil penalty of up to 240 penalty units (AUD87,360) for an individual or 1,200 penalty units (AUD436,800) for a body corporate for each breach, based on the AUD364 penalty unit that applies to breaches from 1 July 2026. The Department can also issue an infringement notice, bar the sponsor, cancel sponsorship approval or accept an enforceable undertaking.","Migration Act 1958 s140Q(1) (civil penalty: approved work sponsor 240 penalty units; other cases 60) and s486R(5)(a) (body corporate up to 5 times the specified penalty); s140K(1) (bar, cancellation, civil penalty order, enforceable undertaking, infringement notice under s506A, compliance notice) - LEGEND stack 02-10-2026. Penalty unit AUD364: Crimes (Amount of a Penalty Unit) Instrument 2026 (F2026N00424) made under Crimes Act 1914 s4AA(1A), commencing 1 July 2026, applying to offences committed on or after that date (s4AA(8)).","s140Q sets 240 penalty units for an approved work sponsor and s486R(5) lets the court impose up to 5 times that on a body corporate (1,200 units). Proposed text was correct for companies; amended to add the individual figure and the full list of sanctions in s140K. Home Affairs still shows AUD396,000 (AUD330 unit), which is the figure for pre-1 July 2026 breaches.",https://legend.online.immi.gov.au/migration/2025-2028/2026/02-10-2026/acts/Pages/_document00000/_level%20100005/level%20200009.aspx#JD_140Q ; https://legend.online.immi.gov.au/migration/2025-2028/2026/02-10-2026/acts/Pages/_document00000/_level%20100017/level%20200079.aspx#JD_486R ; https://www.legislation.gov.au/F2026N00424/asmade/2026-06-16/text/original/epub/OEBPS/document_1/document_1.html ; https://immi.homeaffairs.gov.au/visas/employing-and-sponsoring-someone/existing-sponsors/standard-business-accredited-obligations,
197,G1-090,sponsorship-obligations,Not fixed,"$93,900",Approve with amendment,"$87,360 - 240 penalty units per breach (breaches from 1 July 2026)",Migration Act 1958 s140Q(1)(a) civil penalty 240 penalty units for an approved work sponsor; s486R(5)(b) (non-body corporate: the specified amount) - LEGEND stack 02-10-2026. AUD364 penalty unit from 1 July 2026: F2026N00424 under Crimes Act 1914 s4AA(1A).,"240 x AUD364 = AUD87,360 maximum per breach for an individual work sponsor. The caption shows it is per breach and tied to the 1 July 2026 unit; Home Affairs' 'AUD76,200' is a typo for AUD79,200 (AUD330 unit, pre-1 July 2026 breaches). $93,900 has no legal basis.",https://legend.online.immi.gov.au/migration/2025-2028/2026/02-10-2026/acts/Pages/_document00000/_level%20100005/level%20200009.aspx#JD_140Q ; https://legend.online.immi.gov.au/migration/2025-2028/2026/02-10-2026/acts/Pages/_document00000/_level%20100017/level%20200079.aspx#JD_486R ; https://www.legislation.gov.au/F2026N00424/asmade/2026-06-16/text/original/epub/OEBPS/document_1/document_1.html,
198,G1-091,sponsorship-obligations,Not fixed,"$469,500",Approve with amendment,"$436,800 - 1,200 penalty units per breach (breaches from 1 July 2026)","Migration Act 1958 s140Q(1)(a) (240 penalty units) and s486R(5)(a) (body corporate up to 5 times the specified penalty = 1,200 penalty units) - LEGEND stack 02-10-2026. AUD364 penalty unit from 1 July 2026: F2026N00424 under Crimes Act 1914 s4AA(1A).","1,200 x AUD364 = AUD436,800 for a body corporate for breaches on or after 1 July 2026; use this rather than Home Affairs' AUD396,000, which is the AUD330-unit figure for earlier breaches. $469,500 has no legal basis.",https://legend.online.immi.gov.au/migration/2025-2028/2026/02-10-2026/acts/Pages/_document00000/_level%20100017/level%20200079.aspx#JD_486R ; https://legend.online.immi.gov.au/migration/2025-2028/2026/02-10-2026/acts/Pages/_document00000/_level%20100005/level%20200009.aspx#JD_140Q ; https://www.legislation.gov.au/F2026N00424/asmade/2026-06-16/text/original/epub/OEBPS/document_1/document_1.html,
203,G1-086,standard-business-sponsorship,Partly fixed,"Breaching a sponsorship obligation may result in an infringement notice ($9,400 for a company)",Approve with amendment,"Breaching a sponsorship obligation may result in an infringement notice of 240 penalty units (AUD87,360) for a company or 48 penalty units (AUD17,472) for an individual for each breach, at the AUD364 penalty unit that applies from 1 July 2026.",Migration Regulations 1994 reg 5.20A(2) (made for Migration Act s506A): approved work sponsor alleged to have contravened s140Q(1) may pay 48 penalty units (natural person) or 240 penalty units (body corporate) as an alternative to civil penalty proceedings; Migration Act s140K(1)(b) - LEGEND stack 02-10-2026. Penalty unit AUD364 from 1 July 2026: F2026N00424 under Crimes Act 1914 s4AA(1A).,"Reg 5.20A(2) prescribes a set infringement notice amount (48 units individual, 240 units body corporate) for a work sponsor, so 'up to' was removed and dollar values added. Home Affairs still shows AUD15,840 / AUD79,200 at the old AUD330 unit, which applies to breaches before 1 July 2026.",https://legend.online.immi.gov.au/migration/2025-2028/2026/02-10-2026/regs/Pages/_document00000/_level%20100006/level%20200062.aspx#JD_520A ; https://www.legislation.gov.au/F2026N00424/asmade/2026-06-16/text/original/epub/OEBPS/document_1/document_1.html ; https://immi.homeaffairs.gov.au/visas/employing-and-sponsoring-someone/existing-sponsors/standard-business-accredited-obligations,
259,G3-055,points-test,Not fixed,Based on the points test set by the Migration (IMMI 23/102) Instrument 2023 and amendments.,Approve as proposed,Based on the points test in Schedule 6D of the Migration Regulations 1994 and the Home Affairs points table.,"Migration Act 1958 s93; Migration Regulations 1994 reg 2.26AC (qualifications and points in Schedule 6D prescribed for Subclass 189 Points-tested, 190, 489 and 491) and Schedule 6D - LEGEND stack 02-10-2026. Pass mark set by Migration (LIN 19/210: Pool and Pass Marks for General Skilled Migration Visas) Instrument 2019 (F2019L01400), listed in LEGEND Act registered instruments. No 'IMMI 23/102' instrument appears in LEGEND's Act or Regulations instrument lists.","The points are prescribed in Schedule 6D via reg 2.26AC; 'IMMI 23/102' could not be found in LEGEND and should not be cited. If a pass mark is mentioned elsewhere on the page, its source is LIN 19/210.",https://legend.online.immi.gov.au/migration/2025-2028/2026/02-10-2026/regs/Pages/_document00000/_level%20100002/level%20200026.aspx#JD_226AC ; https://legend.online.immi.gov.au/migration/2025-2028/2026/02-10-2026/regs/Pages/_document00000/level%20100018.aspx#sch6D ; https://legend.online.immi.gov.au/migration/2025-2028/2026/02-10-2026/acts/Pages/_document00008/level%20100038.aspx,
287,G3-011,skilled-migration,Not fixed,Social work and community services,Approve as proposed,Community and welfare occupations (social workers are assessed by AASW),"Migration (LIN 19/051: Specification of Occupations and Relevant Assessing Authorities) Instrument 2019 (compilation F2026C00265, 28 March 2026), listed in LEGEND Regulations registered instruments (stack 02-10-2026): Social Worker 272511 - AASW; ACWA is the assessing authority for welfare centre manager 134214, welfare worker 272613, community worker 411711, disabilities services officer 411712, family support worker 411713, residential care officer 411715 and youth worker 411716.","LIN 19/051 names AASW (not ACWA) for Social Worker 272511, while ACWA covers welfare and community worker occupations, so the proposed wording is accurate.",https://www.legislation.gov.au/F2019L00278/2026-03-28/2026-03-28/text/original/epub/OEBPS/document_1/document_1.html ; https://legend.online.immi.gov.au/migration/2025-2028/2026/02-10-2026/regs/Pages/_document00008/level%20100099.aspx,
305,G3-041,skilled-work-regional-491,Not fixed,Competent English is generally required for the 191 application.,Approve with amendment,"The Subclass 191 visa does not have an English language requirement, and there is no second instalment of the visa application charge for applicants in the Regional Provisional Visas stream.","Migration Regulations 1994 Sch 2 Part 191 (cl 191.21 common criteria, cl 191.22 Regional Provisional Visas stream) - no English criterion; Sch 1 item 1139(2)(b) second instalment: AUD4,885 only for Hong Kong (Regional) stream applicants aged 18+ assessed as not having functional English; 'Any other applicant: Nil' - LEGEND stack 02-10-2026.","No English criterion appears in Sch 2 Part 191. The proposed second-instalment sentence is wrong for 491/494 holders: under Sch 1 item 1139 the functional English second instalment applies only to the Hong Kong (Regional) stream, and is nil for everyone else.",https://legend.online.immi.gov.au/migration/2025-2028/2026/02-10-2026/regs/Pages/_document00000/_level%20100008/level%20200149.aspx ; https://legend.online.immi.gov.au/migration/2025-2028/2026/02-10-2026/regs/Pages/_document00000/_level%20100007/level%20200070.aspx#1139,
311,G3-089,skills-assessment,Not fixed,"Engineers, engineering technologists, engineering associates, surveyors, spatial scientists",Approve with amendment,"Engineers, engineering technologists and engineering associates (surveyors are assessed by the Institution of Surveyors NSW, and cartographers and other spatial scientists by VETASSESS)","Migration (LIN 19/051: Specification of Occupations and Relevant Assessing Authorities) Instrument 2019, s 10AA table (made for reg 2.26B(1)), Compilation No. 5, 28 March 2026: item 26 Surveyor 232212 - ISNSW; item 27 Cartographer 232213 - VETASSESS; item 28 Other Spatial Scientist 232214 - VETASSESS; items 31, 46 Civil Engineer / Engineering Technologist - Engineers Australia. Not read in LEGEND (Federal Register used).","LIN 19/051 names ISNSW (Institution of Surveyors NSW, per the DEWR announcement) for Surveyor and VETASSESS for Cartographer and Other Spatial Scientist, so Engineers Australia should not be shown for any of them. Naming the actual bodies is more useful than 'other authorities'; note some engineering associate occupations (e.g. Civil Engineering Draftsperson 312211) can be assessed by Engineers Australia or VETASSESS.",https://www.legislation.gov.au/F2019L00278/2026-03-28/2026-03-28/text/original/epub/OEBPS/document_1/document_1.html ; https://www.dewr.gov.au/node/17530,
319,G3-063,skillselect-eoi,Not fixed,with consequences including a 3-year bar from making further visa applications under PIC 4020,Approve as proposed,"with consequences under public interest criterion 4020, which can prevent the grant of many visas for a period after the refusal","Migration Regulations 1994 Sch 4 cl 4020(1), (2), (2A), (2B), (4) (LEGEND stack 02-10-2026). 4020(2): applicant and each member of the family unit must not have been refused a visa for failing 4020(1) in the period starting 3 years before the application; 4020(2B): 10 years for identity refusals under 4020(2A). PIC 4020 is a grant criterion, not a bar on lodging. Policy: PAM3 Sch4 4020 - The Integrity PIC (VM-974).",4020 operates only as a criterion for grant of visas that include it in Schedule 2; it does not stop a person lodging an application. The proposed wording is accurate and does not overstate.,https://legend.online.immi.gov.au/migration/2025-2028/2026/02-10-2026/regs/Pages/_document00000/_level%20100010/level%20200372.aspx ; https://legend.online.immi.gov.au/migration/2025-2028/2026/02-10-2026/policy/Pages/_document00003/level%20100247.aspx,
320,G3-064,skillselect-eoi,Not fixed,it may refuse the application and impose a 3-year bar on the applicant making any further visa application.,Approve with amendment,"it may refuse the application, and PIC 4020 can then prevent the grant of many visas to that person for 3 years (or 10 years where the refusal was because they did not establish their identity), unless the requirement is waived.","Migration Regulations 1994 Sch 4 cl 4020(1), (2), (2A), (2B), (4) (LEGEND stack 02-10-2026). 3-year period in 4020(2); 10-year period in 4020(2B) for refusals under 4020(2A) (identity); waiver of 4020(1)(a)/(b) and (2) in 4020(4) for compelling circumstances affecting Australia's interests or compassionate or compelling circumstances affecting an Australian citizen/PR/eligible NZ citizen.","The longer period is exactly 10 years and applies only to identity-based refusals, so 'or longer where identity is involved' was replaced with the precise figure. The waiver in 4020(4) is noted so the page does not present the 3-year period as absolute.",https://legend.online.immi.gov.au/migration/2025-2028/2026/02-10-2026/regs/Pages/_document00000/_level%20100010/level%20200372.aspx,
329,G3-079,state-nomination,Not fixed,you may be in breach of visa conditions.,Approve with amendment,"you would be giving the state a commitment you do not intend to keep, which carries integrity risks. The state can withdraw its nomination before your visa is granted, and the visa cannot be granted if the nomination is withdrawn. The 190 visa itself has no condition requiring you to live in the nominating state, but the 491 visa requires you to live, work and study only in a designated regional area (condition 8579).","Migration Regulations 1994 Sch 2 cl 190.6 (no residence condition; only first-entry date and possible 8515 for secondary applicants), cl 190.215 (nomination not withdrawn), cl 491.217(1) (nomination not withdrawn), cl 491.612 (conditions 8578, 8579, 8580, 8581 must be imposed); Sch 8 condition 8579(1) (LEGEND stack 02-10-2026).","The 190 carries no condition tying the holder to the nominating state, so 'breach of visa conditions' is wrong for the 190; the real legal consequence is that a withdrawn nomination fails 190.215 / 491.217 before grant. Condition 8579 on the 491 requires designated regional area residence, not residence in the nominating state, so the wording avoids implying a state-specific condition.",https://legend.online.immi.gov.au/migration/2025-2028/2026/02-10-2026/regs/Pages/_document00000/_level%20100008/level%20200148.aspx ; https://legend.online.immi.gov.au/migration/2025-2028/2026/02-10-2026/regs/Pages/_document00000/_level%20100008/level%20200241-5.aspx ; https://legend.online.immi.gov.au/migration/2025-2028/2026/02-10-2026/regs/Pages/_document00000/_level%20100021/level%20100022.aspx,
363,G4-051,courses-pr-prospects,Not fixed,"Registered Nurse (254111), Midwife (254111 - separate), Physiotherapist (252511), Occupational Therapist (251211), Radiographer (251211), Sonographer (251213)",Approve with amendment,"Registered Nurse (2544 codes, e.g. Registered Nurse (Medical) 254418), Midwife (254111), Physiotherapist (252511), Occupational Therapist (252411), Medical Diagnostic Radiographer (251211), Sonographer (251214)","Migration (Specification of Occupations - Subclass 482 Visa) Instrument 2024 (LIN 24/089, F2024L01620), made under reg 2.72(9), Compilation No. 3, 7 November 2025 (Core Skills Occupation List, ANZSCO 2013 codes): item 225 Midwife 254111; items 229-241 Registered Nurse 254412-254499 incl. item 235 Registered Nurse (Medical) 254418; item 170 Medical Diagnostic Radiographer 251211; item 172 Nuclear Medicine Technologist 251213; item 173 Sonographer 251214; item 186 Occupational Therapist 252411; item 187 Physiotherapist 252511. Read from the Federal Register, not LEGEND.","The proposed text kept a wrong code: 251213 is Nuclear Medicine Technologist, Sonographer is 251214. All other codes match the instrument. Note the CSOL governs the 482 Core Skills stream, so the page should not imply listing guarantees a PR pathway.",https://www.legislation.gov.au/F2024L01620/2025-11-07/2025-11-07/text/original/epub/OEBPS/document_1/document_1.html ; https://www.legislation.gov.au/F2024L01620/latest/versions,
364,G4-052,courses-pr-prospects,Not fixed,"Primary School Teacher (241111), Secondary School Teacher (241411), Early Childhood Teacher (241111 - separate registration), Special Needs Teacher (241511)",Approve as proposed,"Primary School Teacher (241213), Secondary School Teacher (241411), Early Childhood (Pre-primary School) Teacher (241111), Special Needs Teacher (241511)","LIN 24/089 (F2024L01620), Compilation No. 3, 7 November 2025: item 156 Early Childhood (Pre-primary School) Teacher 241111; item 157 Primary School Teacher 241213; item 159 Secondary School Teacher 241411; item 160 Special Needs Teacher 241511. Federal Register, not LEGEND.",All four codes and titles match the current CSOL instrument.,https://www.legislation.gov.au/F2024L01620/2025-11-07/2025-11-07/text/original/epub/OEBPS/document_1/document_1.html,
365,G4-053,courses-pr-prospects,Not fixed,"Electrician (341111), Plumber (334111), Carpenter (331212), Metal Fabricator (322211)",Approve with amendment,"Electrician (General) (341111), Plumber (General) (334116), Carpenter (331212), Metal Fabricator (322311)","LIN 24/089 (F2024L01620), Compilation No. 3, 7 November 2025: item 370 Electrician (General) 341111; item 368 Plumber (General) 334116; item 355 Carpenter 331212; item 332 Metal Fabricator 322311 (item 333 Pressure Welder is 322312). Federal Register, not LEGEND.",The proposed Metal Fabricator code 322312 is Pressure Welder; the correct code is 322311 (the current site code 322211 is also wrong). Other codes are correct.,https://www.legislation.gov.au/F2024L01620/2025-11-07/2025-11-07/text/original/epub/OEBPS/document_1/document_1.html,
366,G4-054,courses-pr-prospects,Not fixed,"Social Worker (272511), Youth Worker (411716), Community Worker (411311)",Approve with amendment,"Social Worker (272511), Youth Worker (411716), Community Worker (411711)","LIN 24/089 (F2024L01620), Compilation No. 3, 7 November 2025: item 281 Social Worker 272511; item 436 Youth Worker 411716; item 433 Community Worker 411711 (item 434 Family Support Worker is 411713). Federal Register, not LEGEND.",The proposed code 411713 is Family Support Worker; Community Worker is 411711 (the current site code 411311 is also wrong). Social Worker and Youth Worker codes are correct.,https://www.legislation.gov.au/F2024L01620/2025-11-07/2025-11-07/text/original/epub/OEBPS/document_1/document_1.html,
390,G4-036,student-guardian-590,Not fixed,"The student's registered Australian education provider (school, college, or ELICOS provider) must confirm that the student requires a guardian in Australia and name the proposed guardian in the student's welfare arrangements.",Approve with amendment,"The student nominates you as their guardian. You must be the student's parent or custodian, or a relative aged 21 or over whose nomination is supported in writing by the student's parent or custodian, and you must be able to provide appropriate accommodation, support and general welfare for the student.","Migration Regulations 1994 Sch 2 cl 590.111 (nominating student nominates the applicant on form 157N and holds a student visa as primary applicant), cl 590.211(2) (student under 18: accommodation, support and general welfare; parent/custodian or relative aged 21+; written support of parent/custodian for relatives), cl 590.211(3)-(4) (student 18+: exceptional reasons; government-relations ground), cl 590.212 (genuine intention to reside with the student) (LEGEND stack 02-10-2026).","The law makes the student, not the education provider, the nominator (form 157N); there is no provider nomination requirement. The section heading 'Nominated by the student's education provider' should also be changed, for example to 'Nominated by the student'. The text covers the usual under-18 case; students aged 18+ need exceptional reasons under 590.211(3).",https://legend.online.immi.gov.au/migration/2025-2028/2026/02-10-2026/regs/Pages/_document00000/_level%20100008/level%20200263.aspx ; https://immi.homeaffairs.gov.au/visas/getting-a-visa/visa-listing/student-590,
417,G4-011,student-visas,Not fixed,"Median processing for straightforward 500 applications is 4-8 weeks, but complex cases can take longer.",Approve with amendment,"Processing times vary. Offshore Student visa applications lodged on or after 14 November 2025 are prioritised under Ministerial Direction No. 115, which sets priority levels based on the education sector and the provider. Applications made in Australia are generally assessed in the order they are lodged. Check the Home Affairs visa processing times guide for current figures.","Ministerial Direction No. 115 under s 499 of the Migration Act 1958 - Order for considering and disposing of offshore Subclass 500 (Student) visa applications, commenced 14 November 2025, revoking Direction No. 111; s 8(1) priority sequence (Priority 1 includes HE/VET applications below the provider's prioritisation threshold, school and non-award students etc.) (LEGEND stack 02-10-2026, s499 Directions). Processing times themselves are not in LEGEND - Home Affairs student visa processing priorities page.","MD 115 sets an order of consideration for offshore 500 applications only, not processing times, and does not apply to onshore applications (Home Affairs says those are assessed in order of lodgement). The 4-8 week median has no published source, so it should go and readers should be sent to the live guide.",https://legend.online.immi.gov.au/migration/2025-2028/2026/02-10-2026/acts/Pages/_document00011/_level%20200227/Direction-No-115.aspx ; https://immi.homeaffairs.gov.au/visas/getting-a-visa/visa-processing-times/visa-processing-priorities/student-visa,
453,G5-049,child-visa-101,Not fixed,The child usually receives a Bridging Visa E (BVE) if they enter Australia after lodging but before a decision is made.,Approve with amendment,"A 101 application must be made from outside Australia, and the child generally must be outside Australia when the visa is granted. Because it is not an onshore application, it does not give the child a bridging visa. If the child visits Australia while it is being processed, they need another visa, such as a visitor visa, and must comply with its conditions.","Migration Regulations 1994 Sch 1 item 1108(3)(aa) (Child (Migrant) (Class AH): applicant must be outside Australia); Sch 2 cl 101.411 (applicant must be outside Australia at grant, subject to the COVID concession in 101.411(2)); Sch 2 cl 050.212(3) and cl 010.211(2) (BVE/BVA require a valid application made in Australia for a visa that can be granted in Australia) - LEGEND stack 02-10-2026","An offshore 101 application cannot support a BVA or BVE, which both depend on an onshore application for a visa grantable in Australia. Apply the same fix to FAQ 1, the Processing section and the 101 vs 802 table (suggested table cell: 'No bridging visa - offshore application').",https://legend.online.immi.gov.au/migration/2025-2028/2026/02-10-2026/regs/Pages/_document00000/_level%20100007/level%20200069.aspx ; https://legend.online.immi.gov.au/migration/2025-2028/2026/02-10-2026/regs/Pages/_document00000/_level%20100008/level%20200086.aspx ; https://legend.online.immi.gov.au/migration/2025-2028/2026/02-10-2026/regs/Pages/_document00000/_level%20100008/level%20200081.aspx ; https://legend.online.immi.gov.au/migration/2025-2028/2026/02-10-2026/regs/Pages/_document00000/_level%20100008/level%20200075.aspx,
512,G5-043,prospective-marriage-300,Not fixed,The 820 visa holder receives a bridging visa while the application is processed.,Approve with amendment,"When the 820/801 application is lodged in Australia while the applicant still holds their 300 visa, they are normally granted a Bridging Visa A. It comes into effect when the 300 visa ends and lets them stay in Australia until the 820 is decided.",Migration Regulations 1994 Sch 2 cl 010.211(2) (BVA where a valid onshore application for a substantive visa is made while holding a substantive visa) and cl 010.511(1) (BVA comes into effect on grant or when the substantive visa ceases; permits stay until the substantive visa decision) - LEGEND stack 02-10-2026,"The bridging visa attaches to the pending 820/801 application, not to an 820 holder; because the applicant holds a 300 at lodgement, the BVA sits behind the 300 and takes effect when it ends. Wording names the BVA and keeps 'normally' because grant still depends on a valid onshore application.",https://legend.online.immi.gov.au/migration/2025-2028/2026/02-10-2026/regs/Pages/_document00000/_level%20100008/level%20200075.aspx,
524,G6-025,aged-parent-804,Schema not updated,"If the family needs the parent to have work rights and Medicare during the wait, the contributory subclass 864 (or the offshore 143 or 173) may be more suitable, despite the higher charge.",Approve with amendment,"If the family needs the parent to work, or to have Medicare, while waiting, the two-stage contributory route may suit better despite the higher charge. Subclass 884 (applied for in Australia) and subclass 173 (granted outside Australia) holders have no work restriction and can enrol in Medicare. A bridging visa granted with an onshore 804 or 864 application usually carries the same work conditions as the visa held at lodgement, so a parent who applied while on a visitor visa generally cannot work while waiting, and 804 and 864 applicants are generally not eligible for Medicare until the visa is granted.","Sch 2 cl 173.611-173.612 and cl 884.6 (no work condition on 173/884); cl 173.411 (173 granted outside Australia); cl 010.611(4) (BVA carries work conditions such as 8101 that applied to the visa held at application) - LEGEND stack 02-10-2026. Medicare: Services Australia 'If you're an Australian permanent resident' (parent visa applicants generally not eligible until grant unless RHCA, or for 143/864 if they held a 173/884) and 'If you're a temporary resident covered by a Ministerial Order' (Contributory Parent visas 173, 143, 884, 864); Services Australia Operational Blueprint 011-23032034. LEGEND does not cover Medicare.","The current text wrongly says an 864 gives work rights and Medicare while waiting; it is the temporary 173/884 that do. 'Generally has no work rights' was too absolute: BVA work conditions mirror the visa held at lodgement, so the wording ties it to the common visitor-visa case.",https://legend.online.immi.gov.au/migration/2025-2028/2026/02-10-2026/regs/Pages/_document00000/_level%20100008/level%20200139.aspx ; https://legend.online.immi.gov.au/migration/2025-2028/2026/02-10-2026/regs/Pages/_document00000/_level%20100008/level%20200353.aspx ; https://legend.online.immi.gov.au/migration/2025-2028/2026/02-10-2026/regs/Pages/_document00000/_level%20100008/level%20200075.aspx ; https://www.servicesaustralia.gov.au/enrolling-medicare-if-youre-australian-permanent-resident ; https://www.servicesaustralia.gov.au/enrolling-medicare-if-youre-temporary-resident-covered-ministerial-order ; https://operational.servicesaustralia.gov.au/public/Pages/your-health/011-23032034-05.html,
534,G6-069,balance-of-family-test,Schema not updated,"The Balance of Family test is assessed at the time of decision on the application (when the visa is being granted), not necessarily at the time of lodgement.",Approve with amendment,"The balance of family test is assessed at the time of application for the 103, 143, 173, 804, 864 and 884 visas. The family situation when the application is lodged is what counts, so a later change, such as a sibling migrating to Australia after lodgement, will not fix a test that was failed at lodgement. Parents who already hold a 173 or 884 when they apply for the 143 or 864 do not need to meet the test again.","Sch 2 cl 103.213, 143.213, 173.213, 804.214, 864.214 and 884.213 - each in the Division 'Criteria to be satisfied at time of application' and not repeated in the time-of-decision Division; reg 1.05 (test); PAM3: Sch2 Parent visas s3.3.3.3 ('Generally, the balance of family test must only be met at the time of application', with the 173/884 and substituted 600 exceptions) - LEGEND stack 02-10-2026",Confirmed for all six subclasses; the current 'time of decision' statement is wrong. Added the 173/884 exception from cl 143.213/864.214 and PAM3 so the statement is not overbroad (substituted 600 holders are also exempt but are rare enough to leave off the page).,https://legend.online.immi.gov.au/migration/2025-2028/2026/02-10-2026/regs/Pages/_document00000/_level%20100008/level%20200088.aspx ; https://legend.online.immi.gov.au/migration/2025-2028/2026/02-10-2026/regs/Pages/_document00000/_level%20100008/level%20200121.aspx ; https://legend.online.immi.gov.au/migration/2025-2028/2026/02-10-2026/regs/Pages/_document00000/_level%20100008/level%20200139.aspx ; https://legend.online.immi.gov.au/migration/2025-2028/2026/02-10-2026/regs/Pages/_document00000/_level%20100008/level%20200303.aspx ; https://legend.online.immi.gov.au/migration/2025-2028/2026/02-10-2026/regs/Pages/_document00000/_level%20100008/level%20200345.aspx ; https://legend.online.immi.gov.au/migration/2025-2028/2026/02-10-2026/regs/Pages/_document00000/_level%20100008/level%20200353.aspx ; https://legend.online.immi.gov.au/migration/2025-2028/2026/02-10-2026/policy/Pages/_document00003/level%20100113.aspx,
559,G6-033,contributory-parent-143,Not fixed,"The child in Australia must lodge an Assurance of Support, including a bond with the Department of Human Services, as part of the sponsorship process.",Approve with amendment,"An assurer (often the child in Australia) must provide an Assurance of Support through Services Australia, including a bond lodged as a Commonwealth Bank guarantee. Home Affairs asks for the AoS near the end of processing, once the application has been released from the queue and other criteria are met, and it must be accepted before the visa can be granted. Do not arrange the bond until Services Australia asks for it in writing.","Sch 2 cl 143.228 (AoS accepted by the Secretary of Social Services - time of decision); PAM3: Div1.2/reg1.03 - Assurance of Support (AoS), s3.5.1 (request after other criteria met and after queue release) and s3.6 (AoS bond administered by Services Australia); PAM3: Sch2 Parent visas s3.4.3 (AoS mandatory for 103, 143, 804, 864; not 173/884) - LEGEND stack 02-10-2026; Services Australia bank guarantee and term deposit page.","The AoS is not part of sponsorship or lodgement; it is requested at final processing and is a grant criterion. Developer should also move Step 03 so the AoS sits after the visa application/queue stage, not before it.",https://legend.online.immi.gov.au/migration/2025-2028/2026/02-10-2026/regs/Pages/_document00000/_level%20100008/level%20200121.aspx ; https://legend.online.immi.gov.au/migration/2025-2028/2026/02-10-2026/policy/Pages/_document00002/_level%20100019/level%20200153.aspx ; https://legend.online.immi.gov.au/migration/2025-2028/2026/02-10-2026/policy/Pages/_document00003/level%20100113.aspx ; https://www.servicesaustralia.gov.au/bank-guarantee-and-term-deposit-for-assurance-support,
567,G6-041,contributory-parent-173,Not fixed,The parent is entitled to enrol in Medicare from the date the 173 is granted.,Approve with amendment,"Subclass 173 holders can enrol in Medicare. Services Australia lists the Contributory Parent visas (including subclass 173) among the temporary visas covered by a Ministerial Order, so the parent can enrol once the 173 is granted and they are in Australia.","Not in LEGEND. Services Australia 'If you're a temporary resident covered by a Ministerial Order' (Contributory Parent visas subclasses 173, 143, 884, 864) and Operational Blueprint 011-23032034 ('Holders of temporary visa 173 are eligible for Medicare'); Health Insurance Act 1973 s3 (Australian resident) as extended by Ministerial Order.","Services Australia confirms 173 holders are eligible, so the proposed 'depends on individual circumstances' wording understated the position. The current statement was broadly right; the amended text adds the basis and the need to be in Australia.",https://www.servicesaustralia.gov.au/enrolling-medicare-if-youre-temporary-resident-covered-ministerial-order ; https://operational.servicesaustralia.gov.au/public/Pages/your-health/011-23032034-05.html,
572,G6-019,parent-visa-103,Not fixed,Yes (at lodgement),Approve as proposed,Yes (requested before grant),"Sch 2 cl 103.226, 143.228 and 804.224 (AoS accepted by the Secretary of Social Services - time-of-decision criteria in Divisions 103.22/143.22/804.22); PAM3: Div1.2/reg1.03 - Assurance of Support (AoS), s3.5.1 Requesting the AoS (request only after all other criteria met and, for capped/queued subclasses, after the application is released from the queue); PAM3: Sch2 Parent visas s3.4.3 - LEGEND stack 02-10-2026. Regs 2.38/2.39 do not appear in the current Regulations contents (no Division on AoS in Part 2).","The AoS is a time-of-decision criterion for 103, 143 and 804 alike and PAM3 says it is requested only near the end of processing. Also delete the sentence 'Unlike the 143, the AoS for the 103 is typically arranged closer to the grant stage' - the timing is the same for both.",https://legend.online.immi.gov.au/migration/2025-2028/2026/02-10-2026/regs/Pages/_document00000/_level%20100008/level%20200088.aspx ; https://legend.online.immi.gov.au/migration/2025-2028/2026/02-10-2026/regs/Pages/_document00000/_level%20100008/level%20200121.aspx ; https://legend.online.immi.gov.au/migration/2025-2028/2026/02-10-2026/regs/Pages/_document00000/_level%20100008/level%20200303.aspx ; https://legend.online.immi.gov.au/migration/2025-2028/2026/02-10-2026/policy/Pages/_document00002/_level%20100019/level%20200153.aspx ; https://www.servicesaustralia.gov.au/bank-guarantee-and-term-deposit-for-assurance-support,
582,G6-012,parent-visas,Schema not updated,The parent can apply for the 870 while also being in the permanent visa queue. The 870 requires an approved sponsor and health insurance for the duration of the stay. There is a 90-day gap required outside Australia before applying for a second 870 in some circumstances,Approve with amendment,"A parent who has already lodged a permanent parent visa application can still apply for, and be granted, an 870 to visit Australia while that application is processed. However, a parent who has applied for or holds an 870, or who held one and has not left Australia since it ended, cannot make a valid application for any permanent or temporary parent visa. The 870 requires an approved parent sponsor and adequate health insurance. A further 870 must generally be lodged from outside Australia, and unless there are exceptional circumstances it cannot be granted until the parent has been outside Australia for at least 90 consecutive days since leaving after their last 870.","Sch 2 Part 870 (cl 870.221-870.229, all time-of-decision criteria; none bars a pending permanent parent application; cl 870.223 = 90 consecutive days rule; cl 870.224 health insurance); Sch 1 item 1239(3)(b),(e) (870 validity: must not hold an 870; must be outside Australia unless permitted); Sch 1 items 1124(3)(ac), 1124A(3)(bb), 1130(3)(bb), 1130A(3)(ca), 1221(3)(aa), 1221A(3)(ca) (parent visa validity: must not hold an 870 and, if held one, must have left Australia since it ceased); PAM3: Sch2 Visa 870 - Subclass 870 (Sponsored Parent (Temporary)) visa, s3.2 Restrictions and s3.6.3 - LEGEND stack 02-10-2026","PAM3 s3.2 expressly confirms a person with a pending permanent parent application may apply for and be granted an 870, and that 870 applicants, holders and former holders who have not left Australia cannot validly apply for 103/804/143/864/173/884. Note the Sch 1 text bars only holders (and former holders still onshore); 'applied for' follows PAM3 and Home Affairs and is the safer statement.",https://legend.online.immi.gov.au/migration/2025-2028/2026/02-10-2026/regs/Pages/_document00000/_level%20100008/level%20200350.aspx ; https://legend.online.immi.gov.au/migration/2025-2028/2026/02-10-2026/regs/Pages/_document00000/_level%20100007/level%20200070.aspx ; https://legend.online.immi.gov.au/migration/2025-2028/2026/02-10-2026/regs/Pages/_document00000/_level%20100007/level%20200072.aspx ; https://legend.online.immi.gov.au/migration/2025-2028/2026/02-10-2026/policy/Pages/_document00003/level%20100215.aspx,
591,G6-059,sponsored-parent-870,Schema not updated,Yes. A parent can simultaneously hold a subclass 870 visa (allowing them to live in Australia) and have a subclass 143 Contributory Parent permanent visa application in the queue. This is a common strategy,Approve with amendment,"Yes, if the permanent application is lodged first. A parent with a pending permanent parent visa application, such as a 143, can apply for and be granted an 870 to visit Australia while it is processed. It does not work the other way: a parent who has applied for or holds an 870, or who held one and has not left Australia since it ended, cannot lodge a 143 or any other parent visa. Families wanting both should get advice on the order of applications before lodging anything.","Sch 2 Part 870 (no criterion about pending parent applications); Sch 1 item 1130(3)(bb) (143 validity - must not hold an 870; former holders must have left Australia) and equivalent items 1124, 1124A, 1130A, 1221, 1221A; PAM3: Sch2 Visa 870 s3.2 Restrictions (note: a person who has already made a permanent Parent visa application may apply for and be granted an SPTV) - LEGEND stack 02-10-2026","PAM3 confirms the 'permanent first, then 870' sequence; the current 'Yes ... common strategy' is wrong if read as allowing a 143 to be lodged while holding an 870. Starting with 'Yes, if...' keeps the FAQ answer direct while stating the order.",https://legend.online.immi.gov.au/migration/2025-2028/2026/02-10-2026/regs/Pages/_document00000/_level%20100008/level%20200350.aspx ; https://legend.online.immi.gov.au/migration/2025-2028/2026/02-10-2026/regs/Pages/_document00000/_level%20100007/level%20200070.aspx ; https://legend.online.immi.gov.au/migration/2025-2028/2026/02-10-2026/policy/Pages/_document00003/level%20100215.aspx,
626,G7-059,protection-visa-866,Not fixed,it is typically 9 working days for onshore decisions,Approve with amendment,"for a protection visa refusal you must apply within 28 days after you are notified of the decision (or 14 days if you are in immigration detention on the day you are notified), and the ART has no power to extend this time limit. Refusals on character or security grounds follow different rules, so always check your decision letter","Migration Act 1958 s 347(3) (application must be made within 14 days after notification if the applicant is in immigration detention on the day notified, otherwise within 28 days); s 347(5) (ART Act s 19 extension power does not apply to reviewable protection decisions); s 338A (reviewable protection decision includes a decision to refuse a protection visa); s 347A(5) (applicant must be physically in the migration zone); s 500(1)(c) and (6B) (refusals relying on s 5H(2), 36(1C) or 36(2C), and s 501 decisions, are reviewed under s 500 with separate rules, e.g. 9 days for s 501 decisions). LEGEND stack 02-10-2026.","Since the ART commenced, s 347(3) sets 28 days (14 days if in detention when notified) and s 347(5) removes any ART power to extend; the old '9 working days' figure has no basis for ordinary protection refusals. Character/security-based refusals go through s 500 with different limits, hence the caveat.",https://legend.online.immi.gov.au/migration/2025-2028/2026/02-10-2026/acts/Pages/_document00000/_level%20100009/level%20200056.aspx ; https://legend.online.immi.gov.au/migration/2025-2028/2026/02-10-2026/acts/Pages/_document00000/_level%20100009/level%20200055.aspx ; https://legend.online.immi.gov.au/migration/2025-2028/2026/02-10-2026/acts/Pages/_document00000/level%20100019.aspx,
634,G7-041,resident-return-visa,Not fixed,Must be lodged from outside Australia (offshore only),Approve as proposed,"Can be lodged in or outside Australia, but not in immigration clearance","Migration Regulations 1994 Sch 1 item 1128(3)(b) (Resident Return (Class BB), subclasses 155 and 157): 'The applicant may be in or outside Australia, but not in immigration clearance.' Also Sch 2 cl 157.411 (applicant may be in or outside Australia, but not in immigration clearance, at time of grant). LEGEND stack 02-10-2026.",Item 1128 covers both 155 and 157 and allows the applicant to be in or outside Australia (not in immigration clearance) at lodgement; cl 157.411 mirrors this at grant. The 'offshore only' statement is wrong.,https://legend.online.immi.gov.au/migration/2025-2028/2026/02-10-2026/regs/Pages/_document00000/_level%20100007/level%20200070.aspx ; https://legend.online.immi.gov.au/migration/2025-2028/2026/02-10-2026/regs/Pages/_document00000/_level%20100008/level%20200129.aspx,
658,G7-018,training-visa-407,Not fixed,There is no Skills in Demand levy (SAF levy) requirement for the 407,Approve as proposed,There is no Skilling Australians Fund (SAF) levy for the 407,"Migration Act 1958 s 140ZM (nomination training contribution charge applies only to nominations of a kind prescribed by the regulations); Migration Regulations 1994 reg 5.42 (prescribes nominations under s 140GB(1)(b) for Subclass 457, 482 (Skills in Demand / Temporary Skill Shortage) and 494 holders/applicants, and Subclass 186 and 187 visas only - Subclass 407 is not prescribed). Charge imposed by the Migration (Skilling Australians Fund) Charges Act 2018 (s 7). LEGEND stack 02-10-2026.","The SAF levy is the 'nomination training contribution charge' under s 140ZM, and reg 5.42 prescribes only 457/482/494 and 186/187 nominations, so a 407 nomination attracts no levy. 'Skills in Demand' is the name of the 482 visa, not the levy, so the current wording is wrong.",https://legend.online.immi.gov.au/migration/2025-2028/2026/02-10-2026/acts/Pages/_document00000/_level%20100005/level%20200010.aspx ; https://legend.online.immi.gov.au/migration/2025-2028/2026/02-10-2026/regs/Pages/_document00000/_level%20100006/level%20200066-5.aspx ; https://www.legislation.gov.au/C2018A00039/latest/text,
672,G8-009,art-review,Not fixed,Visitor visa decisions are generally not reviewable at the ART (they are merits-review excluded).,Approve with amendment,"Some visitor visa refusals can be reviewed by the ART. If you applied in Australia, a refusal is generally reviewable, as long as the decision was not made while you were in immigration clearance and you are still in Australia when you apply for review. If you applied from outside Australia, a refusal is only reviewable where you were coming to visit an Australian citizen or permanent resident parent, spouse, de facto partner, child, brother or sister whose details were included in your application. In that case the relative applies to the ART. Check your refusal letter, which states whether review is available and the time limit.","Migration Act 1958 s 338(2) (refusal of a visa that can be granted in the migration zone, applied for in the migration zone, not decided in immigration clearance, other than s 501 decisions, is reviewable); s 338(7) (offshore refusal reviewable where a criterion is intention to visit an Australian citizen/PR parent, spouse, de facto partner, child, brother or sister and the relative's particulars are in the application); s 347A(1)(c) (relative applies for s 338(7) decisions); s 347A(2) (applicant must be in the migration zone for s 338(2) decisions). Migration Regulations 1994 Sch 2 cl 600.221(a) (Tourist stream) and cl 600.231(a) (Sponsored Family stream) contain the visit-a-relative criterion; cl 600.412 (offshore applicants must be outside Australia at grant). LEGEND stack 02-10-2026.","Both the current text and the proposed 'most visitor refusals are not reviewable' understate review rights: onshore 600 refusals are reviewable under s 338(2), and offshore Tourist and Sponsored Family stream refusals are reviewable by the relative under s 338(7) where the relative's details were in the application. Other offshore visitor refusals (e.g. Business Visitor, ADS, Frequent Traveller) are not reviewable.",https://legend.online.immi.gov.au/migration/2025-2028/2026/02-10-2026/acts/Pages/_document00000/_level%20100009/level%20200055.aspx ; https://legend.online.immi.gov.au/migration/2025-2028/2026/02-10-2026/acts/Pages/_document00000/_level%20100009/level%20200056.aspx ; https://legend.online.immi.gov.au/migration/2025-2028/2026/02-10-2026/regs/Pages/_document00000/_level%20100008/level%20200264.aspx,
683,G8-095,health-waiver,Partly fixed,Business Innovation (188),Remove the sentence,DELETE this text. Delete the 'Business Innovation (188)' list item from the PIC 4005 list. Do not add 'Skilled Work Regional (491)' - it is already in the list.,"Migration Regulations 1994 Sch 1 item 1202B(4) item 4, (6) item 4, (6A) and (6D): new applications in the Business Innovation, Investor, Significant Investor and Entrepreneur streams of Subclass 188 had to be made before 31 July 2024. Item 1202B(5) and (6B): the Business Innovation Extension and Significant Investor Extension streams remain open only to existing 188 holders. LEGEND stack 02-10-2026.","The 188 is closed to new primary applicants (all four primary streams required lodgement before 31 July 2024); only extension streams for current 188 holders remain, so it is a poor example for a general audience. The proposed replacement would duplicate the existing 491 entry, so simply delete the 188 line.",https://legend.online.immi.gov.au/migration/2025-2028/2026/02-10-2026/regs/Pages/_document00000/_level%20100007/level%20200071.aspx ; https://www.nanakmigration.com.au/health-waiver,
755,G8-033,visa-refusal-review,Not fixed,Requires legal representation.,Approve as proposed,Legal representation is strongly recommended.,Migration Act 1958 Part 8 (ss 476-486) confers judicial review jurisdiction and contains no requirement that an applicant be legally represented (LEGEND stack 02-10-2026). The Federal Circuit and Family Court confirms parties may appear as unrepresented litigants. Not a LEGEND policy point.,"Nothing in Part 8 of the Act or the Court's rules makes representation mandatory, and the FCFCOA publishes guidance for self-represented litigants, so 'requires legal representation' overstates the position. Recommending representation is accurate and appropriate.",https://legend.online.immi.gov.au/migration/2025-2028/2026/02-10-2026/acts/Pages/_document00000/_level%20100013/level%20200078.aspx ; https://www.fcfcoa.gov.au/attending-court/representing-myself,